role,file,width,height,opaque,colors,partialAlpha,border,minX,minY,maxX,maxY,opaqueNeighborPairs,delta24Percent
reference,workshop_workbench_game_scale.png,112,60,4059,3168,0,41,0,0,111,59,7842,33.10
baseline,analysis_bench.png,96,53,2689,9,0,0,2,5,93,51,5118,21.38
r2,analysis_bench.png,96,53,3024,15,0,0,2,3,93,51,5802,34.20
reference,workshop_locker_game_scale.png,93,80,4262,1540,0,0,12,9,82,73,8382,30.82
baseline,cold_storage.png,56,75,3292,8,0,0,5,2,50,73,6466,20.48
r2,cold_storage.png,56,75,3285,13,0,0,5,3,51,73,6451,32.31
reference,hydroponics_growth_tank_full.png,44,96,3476,3065,0,55,0,0,42,95,6801,45.48
baseline,specimen_chamber.png,52,84,3330,9,0,0,5,2,46,82,6508,19.38
r2,specimen_chamber.png,52,84,3167,16,0,0,4,3,48,82,6184,29.62
