file,category,width,height,source_image_url,board_url
scene-01-9b28eb6c.jpg,scene,736,736,https://i.pinimg.com/474x/9b/28/eb/9b28eb6ce9f3b78c43b1d222db254554.jpg,https://pin.it/6Gq9jvxzh
scene-02-1b4a1fee.jpg,scene,488,486,https://i.pinimg.com/474x/1b/4a/1f/1b4a1fee9fef7a0e51d2b8b7ff5ec77a.jpg,https://pin.it/6Gq9jvxzh
scene-03-96e00f14.jpg,scene,474,292,https://i.pinimg.com/474x/96/e0/0f/96e00f14ceaa0888676615ee65f3a1e1.jpg,https://pin.it/6Gq9jvxzh
scene-04-5b76568d.jpg,scene,439,301,https://i.pinimg.com/474x/5b/76/56/5b76568d03bed3a53421556e8e79cc30.jpg,https://pin.it/6Gq9jvxzh
scene-05-5e10f7e8.jpg,scene,474,237,https://i.pinimg.com/474x/5e/10/f7/5e10f7e800a41c9670bf438460b032c8.jpg,https://pin.it/6Gq9jvxzh
scene-06-935bd12b.jpg,scene,474,401,https://i.pinimg.com/474x/93/5b/d1/935bd12b7f480519df96c80a46dba013.jpg,https://pin.it/6Gq9jvxzh
scene-07-e73bf78e.jpg,scene,400,300,https://i.pinimg.com/474x/e7/3b/f7/e73bf78ec2cfa25bd755194246ba7442.jpg,https://pin.it/6Gq9jvxzh
scene-08-ed2e9060.jpg,scene,474,192,https://i.pinimg.com/474x/ed/2e/90/ed2e9060beee1f4b0f3749aae445fd3e.jpg,https://pin.it/6Gq9jvxzh
scene-09-7e5ac868.jpg,scene,474,264,https://i.pinimg.com/474x/7e/5a/c8/7e5ac868f40a943abc5404dcf5707a6d.jpg,https://pin.it/6Gq9jvxzh
scene-10-c9952de9.jpg,scene,347,204,https://i.pinimg.com/474x/c9/95/2d/c9952de928a5f157f6bb18921cc05e9a.jpg,https://pin.it/6Gq9jvxzh
scene-11-081789db.jpg,scene,405,720,https://i.pinimg.com/474x/08/17/89/081789db7c4bc5b3b097e47ad18e5f51.jpg,https://pin.it/6Gq9jvxzh
scene-12-1fbf2c0c.jpg,scene,712,984,https://i.pinimg.com/736x/1f/bf/2c/1fbf2c0c22e66df6e93138e4134c3a14.jpg,https://pin.it/6Gq9jvxzh
scene-13-b8f2ccc1.jpg,scene,474,267,https://i.pinimg.com/474x/b8/f2/cc/b8f2ccc104905f83b806e3626ac8cc64.jpg,https://pin.it/6Gq9jvxzh
scene-14-9a7fd397.jpg,scene,474,841,https://i.pinimg.com/474x/9a/7f/d3/9a7fd3977673f460ddc2c64ac4beaab7.jpg,https://pin.it/6Gq9jvxzh
scene-15-b5548627.jpg,scene,473,470,https://i.pinimg.com/474x/b5/54/86/b5548627f3037ff5b8c383e8c2f4f7f1.jpg,https://pin.it/6Gq9jvxzh
scene-16-b24e3b41.jpg,scene,473,266,https://i.pinimg.com/474x/b2/4e/3b/b24e3b41d6b2f9e98da9cc8b8bacc96b.jpg,https://pin.it/6Gq9jvxzh
scene-17-79ed8a74.jpg,scene,474,474,https://i.pinimg.com/474x/79/ed/8a/79ed8a74116c8d13caad76363c00208d.jpg,https://pin.it/6Gq9jvxzh
scene-18-0584bfa7.jpg,scene,474,356,https://i.pinimg.com/474x/05/84/bf/0584bfa72bcd218e34d4da8d0e473f57.jpg,https://pin.it/6Gq9jvxzh
scene-19-3789c17e.jpg,scene,474,400,https://i.pinimg.com/474x/37/89/c1/3789c17ea067d6aa1b071568dd397326.jpg,https://pin.it/6Gq9jvxzh
scene-20-3fb970e1.jpg,scene,474,265,https://i.pinimg.com/474x/3f/b9/70/3fb970e1806528910b4ff5b67c862b17.jpg,https://pin.it/6Gq9jvxzh
scene-21-c0c28c7d.jpg,scene,473,355,https://i.pinimg.com/474x/c0/c2/8c/c0c28c7d33e94502fe52b425317d2cf2.jpg,https://pin.it/6Gq9jvxzh
scene-22-3d206c15.jpg,scene,474,295,https://i.pinimg.com/474x/3d/20/6c/3d206c159298584d780da8350a98f588.jpg,https://pin.it/6Gq9jvxzh
scene-23-c5e0a03c.jpg,scene,474,468,https://i.pinimg.com/474x/c5/e0/a0/c5e0a03cd1ce49a2ad1bfaedbda0d719.jpg,https://pin.it/6Gq9jvxzh
scene-24-0b9325cf.jpg,scene,384,368,https://i.pinimg.com/474x/0b/93/25/0b9325cf40376f01b00d6d028ea64e29.jpg,https://pin.it/6Gq9jvxzh
scene-25-dbe1fd8d.jpg,scene,474,474,https://i.pinimg.com/474x/db/e1/fd/dbe1fd8df76f40b65da6fd122d6fd169.jpg,https://pin.it/6Gq9jvxzh
scene-26-1e5d22b1.jpg,scene,472,168,https://i.pinimg.com/474x/1e/5d/22/1e5d22b18a2e9b3419104ca921e41aaa.jpg,https://pin.it/6Gq9jvxzh
scene-27-10928609.jpg,scene,347,275,https://i.pinimg.com/474x/10/92/86/10928609a185e4bb7e8a520aaba36277.jpg,https://pin.it/6Gq9jvxzh
scene-28-51f45892.jpg,scene,474,292,https://i.pinimg.com/474x/51/f4/58/51f45892e9b4a7f2df915d94a2399553.jpg,https://pin.it/6Gq9jvxzh
scene-29-8e85c9f9.jpg,scene,474,292,https://i.pinimg.com/474x/8e/85/c9/8e85c9f969f308ecd4e921ab7449af25.jpg,https://pin.it/6Gq9jvxzh
scene-30-f80c00ba.jpg,scene,474,355,https://i.pinimg.com/474x/f8/0c/00/f80c00ba5e2cdde7e590c03e256cfb52.jpg,https://pin.it/6Gq9jvxzh
scene-31-1d9dcb6d.jpg,scene,474,250,https://i.pinimg.com/474x/1d/9d/cb/1d9dcb6d8ce8b089042147837772c76d.jpg,https://pin.it/6Gq9jvxzh
scene-32-8a1593a8.jpg,scene,473,266,https://i.pinimg.com/474x/8a/15/93/8a1593a815fab269b66bd33c585859de.jpg,https://pin.it/6Gq9jvxzh
scene-33-73eaea1f.jpg,scene,640,584,https://i.pinimg.com/736x/73/ea/ea/73eaea1f8ce90f9baab637114b0a46ec.jpg,https://pin.it/6Gq9jvxzh
scene-34-57d7901e.jpg,scene,736,736,https://i.pinimg.com/736x/57/d7/90/57d7901e3ebd58ce629634c4b7cd9039.jpg,https://pin.it/6Gq9jvxzh
scene-35-7c5e6f92.jpg,scene,736,737,https://i.pinimg.com/736x/7c/5e/6f/7c5e6f92d3822172baa56e6952085f64.jpg,https://pin.it/6Gq9jvxzh
scene-36-c48042ed.jpg,scene,400,320,https://i.pinimg.com/474x/c4/80/42/c48042ed80d1d225cd3ef306f52b215c.jpg,https://pin.it/6Gq9jvxzh
scene-37-29ccf290.jpg,scene,473,268,https://i.pinimg.com/474x/29/cc/f2/29ccf29065db66f91b9db78ca18213a4.jpg,https://pin.it/6Gq9jvxzh
scene-38-73c30bee.jpg,scene,472,266,https://i.pinimg.com/474x/73/c3/0b/73c30beee718ff5cc4c88703f2b1c75e.jpg,https://pin.it/6Gq9jvxzh
scene-39-1fad7e1a.jpg,scene,473,266,https://i.pinimg.com/474x/1f/ad/7e/1fad7e1a1bc616d736d58dd1e6235d23.jpg,https://pin.it/6Gq9jvxzh
scene-40-ec6ea478.jpg,scene,472,247,https://i.pinimg.com/474x/ec/6e/a4/ec6ea4788ed29322ef6773c4b1753a2b.jpg,https://pin.it/6Gq9jvxzh
scene-41-2372af59.jpg,scene,473,342,https://i.pinimg.com/474x/23/72/af/2372af596726958bebf26ccf051012bf.jpg,https://pin.it/6Gq9jvxzh
scene-42-f5e13cb1.jpg,scene,474,266,https://i.pinimg.com/474x/f5/e1/3c/f5e13cb1328a47ac357d3043978e5f0b.jpg,https://pin.it/6Gq9jvxzh
environment-prop-01-10c90d0e.jpg,environment-prop,736,414,https://i.pinimg.com/736x/10/c9/0d/10c90d0e5c53bea651b24d9c2949a881.jpg,https://pin.it/6Gq9jvxzh
environment-prop-02-aeee088c.jpg,environment-prop,564,490,https://i.pinimg.com/736x/ae/ee/08/aeee088c45ef0a7384f491473569495b.jpg,https://pin.it/6Gq9jvxzh
environment-prop-03-d97607a5.jpg,environment-prop,473,744,https://i.pinimg.com/474x/d9/76/07/d97607a5e096eb66765fb85676004d54.jpg,https://pin.it/6Gq9jvxzh
environment-prop-04-0fc804c3.jpg,environment-prop,736,1120,https://i.pinimg.com/736x/0f/c8/04/0fc804c37f31fc9ab83e51960b32509a.jpg,https://pin.it/6Gq9jvxzh
environment-prop-05-5956e4ae.jpg,environment-prop,736,1242,https://i.pinimg.com/736x/59/56/e4/5956e4ae95c986a5c679bbd58d2d864c.jpg,https://pin.it/6Gq9jvxzh
environment-prop-06-c5442572.jpg,environment-prop,735,605,https://i.pinimg.com/736x/c5/44/25/c5442572daff06087ae541b867787b7a.jpg,https://pin.it/6Gq9jvxzh
environment-prop-07-a98ae820.jpg,environment-prop,736,736,https://i.pinimg.com/736x/a9/8a/e8/a98ae8205b91c050bcf64e4972808d20.jpg,https://pin.it/6Gq9jvxzh
environment-prop-08-7f1fc2b5.jpg,environment-prop,474,626,https://i.pinimg.com/474x/7f/1f/c2/7f1fc2b5be83480a2d026f167f94dc3f.jpg,https://pin.it/6Gq9jvxzh
